1.189313443680297055e+01,7.483759776951673937e-01,5.388080855018587134e-02,5.400565985130111740e-02,2.152413537015120948e+00,1.068235189243422312e+00,6.795802487017024718e-02,1.338289962825275729e-02,5.380000000000000000e+02,1.189313443680297055e+01
1.088111248366013228e+01,8.960265686274511421e-02,4.441872549019607735e-02,4.454372549019607747e-02,1.754920996169351044e+00,8.409710974667132799e-01,7.486379508232073043e-02,3.236601307189542975e+00,1.530000000000000000e+02,1.088111248366013228e+01
1.178320796363636269e+01,1.770193272727272338e-01,7.499999999999999722e-03,7.499999999999999722e-03,4.106250000000000178e-01,3.712500000000000244e-01,0.000000000000000000e+00,0.000000000000000000e+00,1.100000000000000000e+02,1.178320796363636269e+01
1.199373849099098877e+01,-2.418947882882883094e-01,4.108824324324324151e-02,4.439060810810811081e-02,1.621175190070626382e+00,6.798992931580974952e-01,3.784868296673696286e-01,-7.774774774774774855e+00,2.220000000000000000e+02,1.199373849099098877e+01
1.176156097560975589e+01,-7.089268292682926464e-02,4.799999999999999580e-03,4.799999999999999580e-03,1.924682926829268115e-01,9.693658536585368635e-02,0.000000000000000000e+00,0.000000000000000000e+00,8.200000000000000000e+01,1.176156097560975589e+01
1.208792946785714051e+01,-4.138272357142857572e-01,7.499999999999998855e-03,7.499999999999998855e-03,4.213727678571428381e-01,3.927455357142857206e-01,0.000000000000000000e+00,0.000000000000000000e+00,1.120000000000000000e+02,1.208792946785714051e+01
1.095636902127659873e+01,3.284515106382979166e-02,7.499999999999997988e-03,7.499999999999997988e-03,3.035106382978722817e-01,1.570212765957446632e-01,0.000000000000000000e+00,0.000000000000000000e+00,4.700000000000000000e+01,1.095636902127659873e+01
1.072066753628318558e+01,-4.445819500000000035e-01,8.242565265486727355e-02,8.398094026548673374e-02,3.135430461367523680e+00,1.278881182889563206e+00,1.915622316551668369e-01,1.457522123893805421e+00,2.260000000000000000e+02,1.072066753628318558e+01
1.174660358571428809e+01,-1.353919857142857064e-01,7.499999999999998855e-03,7.499999999999998855e-03,4.403571428571427804e-01,4.307142857142856052e-01,0.000000000000000000e+00,0.000000000000000000e+00,7.000000000000000000e+01,1.174660358571428809e+01
1.195306788000000076e+01,-3.441766117647058337e-02,2.104171764705881770e-02,2.365348235294117279e-02,8.999155835792995717e-01,4.612664024404345420e-01,4.567750550693115974e-01,4.644705882352941018e+00,1.700000000000000000e+02,1.195306788000000076e+01
1.059631540283018936e+01,-3.791285094339623130e-01,1.519038679245282922e-02,1.519038679245282922e-02,6.472067688679244979e-01,3.829903301886791178e-01,0.000000000000000000e+00,0.000000000000000000e+00,1.060000000000000000e+02,1.059631540283018936e+01
1.108871086705202380e+01,-3.753548739884393082e-01,4.606525606936415912e-02,4.597513179190752114e-02,1.752137649017477816e+00,7.430649859179764283e-01,6.252254219934026691e-02,-1.907514450867051903e-01,3.460000000000000000e+02,1.108871086705202380e+01
1.058351785714285676e+01,-3.760339428571428111e-01,7.499999999999999722e-03,7.499999999999999722e-03,4.138392857142856873e-01,3.776785714285713635e-01,0.000000000000000000e+00,0.000000000000000000e+00,2.800000000000000000e+01,1.058351785714285676e+01
1.174945588421052811e+01,-1.361306210526315452e-01,1.598605263157894599e-02,1.598605263157894599e-02,6.112918421052631057e-01,2.634205263157894938e-01,0.000000000000000000e+00,0.000000000000000000e+00,7.600000000000000000e+01,1.174945588421052811e+01
1.084354538356164532e+01,-1.125522328767123159e-01,7.499999999999999722e-03,7.499999999999999722e-03,3.715582191780821830e-01,2.931164383561644105e-01,0.000000000000000000e+00,0.000000000000000000e+00,7.300000000000000000e+01,1.084354538356164532e+01
1.127299553571428525e+01,-5.079017857142857639e-02,7.500000000000000590e-03,7.500000000000000590e-03,3.266517857142857140e-01,2.033035714285714168e-01,0.000000000000000000e+00,0.000000000000000000e+00,2.800000000000000000e+01,1.127299553571428525e+01
1.074359098053527717e+01,-4.696313350364963446e-01,1.879116180048661933e-01,2.132978102189780345e-01,6.820794635505098569e+00,1.629424941193734266e+00,4.731490258036838426e-01,1.207469586374696036e+01,4.110000000000000000e+02,1.074359098053527717e+01
1.178157533933823409e+01,-1.469965698529411835e-01,4.953781507352941066e-02,4.082179007352942229e-02,1.628282952164691766e+00,5.584183480458916327e-01,5.665125669815657128e-01,7.794117647058823595e-01,5.440000000000000000e+02,1.178157533933823409e+01
1.241742187499999872e+01,5.388281249999999911e-01,1.874999999999999931e-02,1.874999999999999931e-02,7.664062499999999556e-01,4.078124999999999667e-01,0.000000000000000000e+00,0.000000000000000000e+00,3.200000000000000000e+01,1.241742187499999872e+01
1.118212320797962711e+01,-3.463446032258064022e-01,5.271362767402377331e-02,5.269562750424448133e-02,1.923709989769180728e+00,6.851423702971926044e-01,2.613092408715883205e-02,-4.101867572156197572e-01,5.890000000000000000e+02,1.118212320797962711e+01
1.063827395827337874e+01,-4.335937510791366134e-01,7.585736690647481954e-03,7.585736690647481954e-03,3.488500359712229937e-01,2.425558705035970597e-01,0.000000000000000000e+00,0.000000000000000000e+00,1.390000000000000000e+02,1.063827395827337874e+01
1.176113965375000170e+01,-9.800252125000000203e-02,3.927044249999999542e-02,3.750197749999999164e-02,1.371242016226809968e+00,4.399225666551160319e-01,2.967119616701997531e-01,6.846250000000000391e+00,1.600000000000000000e+02,1.176113965375000170e+01
1.230844852258064215e+01,-5.561593494623657402e-02,6.335302419354837955e-02,6.549068548387096400e-02,2.239618692924064902e+00,6.144581250258153160e-01,2.534086997807506458e-01,1.975268817204300920e+00,3.720000000000000000e+02,1.230844852258064215e+01
1.101250624999999950e+01,-6.038781500000000024e-01,7.499999999999999722e-03,7.499999999999999722e-03,2.699999999999999623e-01,8.999999999999996891e-02,0.000000000000000000e+00,0.000000000000000000e+00,1.600000000000000000e+01,1.101250624999999950e+01
1.062130985454545318e+01,-3.190946969696970004e-01,7.499999999999998855e-03,7.499999999999998855e-03,3.656249999999999778e-01,2.812499999999999445e-01,0.000000000000000000e+00,0.000000000000000000e+00,3.300000000000000000e+01,1.062130985454545318e+01
1.222946584761904809e+01,-1.111234380952381001e-01,7.500257142857143407e-03,7.500257142857143407e-03,4.173912857142857424e-01,3.847671428571428631e-01,0.000000000000000000e+00,0.000000000000000000e+00,8.400000000000000000e+01,1.222946584761904809e+01
1.188834090909090868e+01,-1.318409090909090919e-01,7.499999999999998855e-03,7.499999999999998855e-03,3.983522727272726938e-01,3.467045454545453764e-01,0.000000000000000000e+00,0.000000000000000000e+00,4.400000000000000000e+01,1.188834090909090868e+01
1.062342506666666608e+01,-3.173003511904761709e-01,2.055059523809523586e-02,2.062440476190476393e-02,7.529478195671452934e-01,2.706476237791653472e-01,8.452624618226682596e-02,-1.428571428571428492e-01,8.400000000000000000e+01,1.062342506666666608e+01
1.088807065217391212e+01,-5.063383695652174527e-02,7.499999999999999722e-03,7.499999999999999722e-03,3.072961956521739202e-01,1.645923913043478570e-01,0.000000000000000000e+00,0.000000000000000000e+00,4.600000000000000000e+01,1.088807065217391212e+01
1.139816853538461672e+01,-6.968337230769231505e-01,7.105190769230768436e-03,7.105190769230768436e-03,3.293985692307692115e-01,2.324856923076923654e-01,0.000000000000000000e+00,0.000000000000000000e+00,6.500000000000000000e+01,1.139816853538461672e+01
1.060114166666666691e+01,-3.793033333333333812e-01,7.499999999999998855e-03,7.499999999999998855e-03,4.499999999999999556e-01,4.499999999999999001e-01,0.000000000000000000e+00,0.000000000000000000e+00,3.000000000000000000e+01,1.060114166666666691e+01
1.177050224999999806e+01,-3.891732857142857910e-02,7.499999999999999722e-03,7.499999999999999722e-03,3.101785714285714146e-01,1.703571428571428736e-01,0.000000000000000000e+00,0.000000000000000000e+00,5.600000000000000000e+01,1.177050224999999806e+01
1.103392034126984100e+01,6.426654126984127080e-02,8.821428571428570342e-03,8.821428571428570342e-03,4.086607142857142660e-01,2.880357142857143393e-01,0.000000000000000000e+00,0.000000000000000000e+00,6.300000000000000000e+01,1.103392034126984100e+01
1.219471755999999907e+01,-1.024194640000000017e-01,7.500408000000000942e-03,7.644632000000000163e-03,3.499835348790901746e-01,2.456364715860105963e-01,1.933291744866545703e-01,-1.199999999999999956e-01,1.000000000000000000e+02,1.219471755999999907e+01
1.058192500000000003e+01,-6.220000000000001222e-02,4.316250000000000642e-02,4.831875000000000059e-02,1.886412035131794340e+00,1.032749441945957969e+00,4.494872088321046899e-01,-4.674999999999999822e+00,2.000000000000000000e+01,1.058192500000000003e+01
1.219439900000000065e+01,-1.279600000000000182e-01,7.499999999999999722e-03,7.499999999999999722e-03,4.392000000000000348e-01,4.284000000000000030e-01,0.000000000000000000e+00,0.000000000000000000e+00,5.000000000000000000e+01,1.219439900000000065e+01
1.157222461145833137e+01,4.005957052083333747e-01,1.874999999999999931e-02,2.601562499999999709e-02,1.012610951848557983e+00,7.000597673907693608e-01,6.932255352508335244e-01,-1.789895833333332931e+01,1.920000000000000000e+02,1.157222461145833137e+01
1.206883823529411792e+01,-5.902205882352940663e-02,7.499999999999999722e-03,7.720588235294117974e-03,3.414525786136681784e-01,2.263354666510331570e-01,2.373321103690881062e-01,0.000000000000000000e+00,3.400000000000000000e+01,1.206883823529411792e+01
1.182349572600896970e+01,-9.598105829596412231e-02,7.366572825112106815e-02,6.459987892376681251e-02,2.429138099650326676e+00,7.192340814824857986e-01,4.806133659140789938e-01,-4.874887892376682075e+00,4.460000000000000000e+02,1.182349572600896970e+01
1.117130978260869689e+01,-6.328804347826086363e-02,7.499999999999999722e-03,7.499999999999999722e-03,2.797826086956521352e-01,1.095652173913043287e-01,0.000000000000000000e+00,0.000000000000000000e+00,2.300000000000000000e+01,1.117130978260869689e+01
1.239443955737704606e+01,-4.643227540983606572e-01,7.499999999999999722e-03,7.499999999999999722e-03,2.997848360655737121e-01,1.495696721311474964e-01,0.000000000000000000e+00,0.000000000000000000e+00,1.220000000000000000e+02,1.239443955737704606e+01
1.221952016129032259e+01,9.089213870967741693e-01,7.500000000000000590e-03,7.500000000000000590e-03,4.151612903225807005e-01,3.803225806451613900e-01,0.000000000000000000e+00,0.000000000000000000e+00,6.200000000000000000e+01,1.221952016129032259e+01
1.243223047678571547e+01,-3.992061964285713999e-02,1.907142857142857251e-02,1.954687500000000175e-02,7.598417607923757533e-01,3.612222191297604357e-01,2.192148925993336050e-01,0.000000000000000000e+00,1.120000000000000000e+02,1.243223047678571547e+01
1.247122854666666747e+01,9.756347333333333094e-02,2.883600000000000052e-03,2.883600000000000052e-03,1.271454000000000195e-01,8.127480000000000815e-02,0.000000000000000000e+00,0.000000000000000000e+00,3.000000000000000000e+01,1.247122854666666747e+01
1.209251199999999926e+01,-3.695999999999999980e-02,3.200000000000000153e-03,3.200000000000000153e-03,1.425599999999999923e-01,9.312000000000000832e-02,0.000000000000000000e+00,0.000000000000000000e+00,4.000000000000000000e+01,1.209251199999999926e+01
1.059647499999999987e+01,-8.739500000000000046e-01,7.499999999999999722e-03,7.499999999999999722e-03,4.376249999999999862e-01,4.252500000000000169e-01,0.000000000000000000e+00,0.000000000000000000e+00,2.500000000000000000e+01,1.059647499999999987e+01
1.089321879999999965e+01,-6.867749999999999133e-01,7.499999999999999722e-03,7.499999999999999722e-03,2.700000000000000178e-01,9.000000000000002442e-02,0.000000000000000000e+00,0.000000000000000000e+00,1.200000000000000000e+01,1.089321879999999965e+01
1.157625782500000078e+01,3.982187500000000102e-01,3.749999999999999861e-02,3.749999999999999861e-02,1.511718749999999778e+00,7.734375000000000000e-01,0.000000000000000000e+00,0.000000000000000000e+00,4.000000000000000000e+01,1.157625782500000078e+01
1.096385987894736935e+01,1.145661052631578858e-02,7.499999999999997988e-03,8.001315789473682771e-03,3.365189490596147692e-01,2.082416779153758168e-01,3.484003337917792043e-01,4.757894736842104955e+00,9.500000000000000000e+01,1.096385987894736935e+01
1.108780626666666791e+01,-6.511124999999999829e-01,7.499999999999999722e-03,7.499999999999999722e-03,2.700000000000000178e-01,9.000000000000002442e-02,0.000000000000000000e+00,0.000000000000000000e+00,1.200000000000000000e+01,1.108780626666666791e+01
1.111400892857142786e+01,-3.995624999999999316e-01,1.874999999999999931e-02,1.874999999999999931e-02,7.218750000000000444e-01,3.187499999999999778e-01,0.000000000000000000e+00,0.000000000000000000e+00,2.100000000000000000e+01,1.111400892857142786e+01
1.067022095238095325e+01,-3.614305952380951759e-01,4.218226190476190990e-02,4.262869047619047974e-02,1.557097601871946679e+00,5.699018812739179429e-01,1.443444098577379431e-01,0.000000000000000000e+00,2.100000000000000000e+01,1.067022095238095325e+01
1.178325000000000067e+01,-8.397000000000000020e-01,7.499999999999999722e-03,7.499999999999999722e-03,3.166875000000000107e-01,1.833750000000000102e-01,0.000000000000000000e+00,0.000000000000000000e+00,4.000000000000000000e+01,1.178325000000000067e+01
1.067153243243243210e+01,-2.097797351351351480e-01,7.499999999999998855e-03,7.499999999999998855e-03,3.314189189189188367e-01,2.128378378378377733e-01,0.000000000000000000e+00,0.000000000000000000e+00,3.700000000000000000e+01,1.067153243243243210e+01
1.242987330508474564e+01,-4.633601016949153578e-02,7.627118644067796931e-03,7.627118644067796931e-03,3.431059322033898629e-01,2.285847457627118717e-01,0.000000000000000000e+00,2.237288135593220317e-01,1.180000000000000000e+02,1.242987330508474564e+01
1.115678498809523767e+01,5.909306666666665903e-02,7.499999999999998855e-03,7.499999999999998855e-03,3.644196428571428448e-01,2.788392857142856784e-01,0.000000000000000000e+00,0.000000000000000000e+00,4.200000000000000000e+01,1.115678498809523767e+01
1.240265899999999988e+01,-4.666133999999999560e-01,1.663200000000000095e-02,1.663200000000000095e-02,5.987520000000000620e-01,1.995840000000000114e-01,0.000000000000000000e+00,0.000000000000000000e+00,8.000000000000000000e+01,1.240265899999999988e+01
1.113255113636363802e+01,6.975568181818182500e-01,1.874999999999999931e-02,1.874999999999999931e-02,7.711363636363635088e-01,4.172727272727272951e-01,0.000000000000000000e+00,0.000000000000000000e+00,2.200000000000000000e+01,1.113255113636363802e+01
1.102380598589743599e+01,-3.672473371794872099e-01,6.898512820512820755e-03,6.898512820512820755e-03,2.741678846153846050e-01,1.344249999999999612e-01,0.000000000000000000e+00,0.000000000000000000e+00,7.800000000000000000e+01,1.102380598589743599e+01
1.089895687272727365e+01,5.392585454545453794e-02,1.839599999999999916e-02,1.877228181818181574e-02,7.055047924432569229e-01,2.960182724637748786e-01,1.992167240428802943e-01,0.000000000000000000e+00,2.200000000000000000e+01,1.089895687272727365e+01
1.233535937499999946e+01,-1.135156250000000089e-01,7.500000000000000590e-03,7.617187499999999827e-03,4.517532643968349415e-01,4.500045304518763833e-01,1.747356414092384180e-01,-7.406250000000000000e+00,6.400000000000000000e+01,1.233535937499999946e+01
1.189501181746031833e+01,7.471908015873015563e-01,5.654750000000000748e-02,5.720226190476192241e-02,2.012534395472614257e+00,6.126324679914514348e-01,1.508702978588971344e-01,0.000000000000000000e+00,1.260000000000000000e+02,1.189501181746031833e+01
1.220757291666666511e+01,-1.062571666666666664e-01,7.687499999999999889e-03,7.687499999999999889e-03,2.980781250000000271e-01,1.349062500000000331e-01,0.000000000000000000e+00,1.250000000000000000e-01,9.600000000000000000e+01,1.220757291666666511e+01
1.166393749999999940e+01,-8.840312500000000462e-01,7.499999999999999722e-03,7.499999999999999722e-03,4.303124999999999867e-01,4.106249999999999623e-01,0.000000000000000000e+00,0.000000000000000000e+00,3.200000000000000000e+01,1.166393749999999940e+01
1.206729166666666764e+01,-2.346869166666666617e-02,7.499999999999999722e-03,7.499999999999999722e-03,4.499999999999999556e-01,4.499999999999999556e-01,0.000000000000000000e+00,0.000000000000000000e+00,4.800000000000000000e+01,1.206729166666666764e+01
1.235860425957447006e+01,3.124821063829787485e-02,7.499999999999999722e-03,7.499999999999999722e-03,3.006382978723404209e-01,1.512765957446808307e-01,0.000000000000000000e+00,0.000000000000000000e+00,9.400000000000000000e+01,1.235860425957447006e+01
1.222621603030303028e+01,-1.124590606060606179e-01,1.808999999999999844e-02,1.810363636363636342e-02,6.463522395110649077e-01,2.068954651778651677e-01,3.880606248891828314e-02,0.000000000000000000e+00,6.600000000000000000e+01,1.222621603030303028e+01
1.199690972222222207e+01,-2.376388888888889273e-01,4.968750000000000250e-02,6.413194444444444975e-02,1.916794731415433883e+00,4.466141805915655461e-01,6.322433127368154437e-01,-5.060740740740740762e+01,5.400000000000000000e+01,1.199690972222222207e+01
1.219744761904761710e+01,-1.642157142857142704e-01,7.042857142857143239e-03,7.042857142857143239e-03,2.642571428571428571e-01,1.059428571428571442e-01,0.000000000000000000e+00,0.000000000000000000e+00,8.400000000000000000e+01,1.219744761904761710e+01
1.224357352941176202e+01,-7.994264705882353494e-02,7.499999999999999722e-03,7.499999999999999722e-03,3.391544117647058987e-01,2.283088235294117585e-01,0.000000000000000000e+00,0.000000000000000000e+00,6.800000000000000000e+01,1.224357352941176202e+01
1.192072916666666593e+01,-1.344791666666666774e-01,3.749999999999999861e-02,3.749999999999999861e-02,1.469531249999999956e+00,6.890625000000001332e-01,0.000000000000000000e+00,0.000000000000000000e+00,4.800000000000000000e+01,1.192072916666666593e+01
1.098335714285714282e+01,-7.507142857142856673e-02,7.499999999999999722e-03,7.499999999999999722e-03,2.699999999999999623e-01,8.999999999999996891e-02,0.000000000000000000e+00,0.000000000000000000e+00,1.400000000000000000e+01,1.098335714285714282e+01
1.111109722222222196e+01,-3.974652777777777923e-01,7.500000000000000590e-03,7.500000000000000590e-03,4.249999999999999889e-01,3.999999999999999667e-01,0.000000000000000000e+00,0.000000000000000000e+00,1.800000000000000000e+01,1.111109722222222196e+01
1.179806562500000133e+01,8.537859374999999806e-01,1.889062500000000117e-02,1.889062500000000117e-02,7.208085937499999485e-01,3.081796875000000213e-01,0.000000000000000000e+00,0.000000000000000000e+00,1.600000000000000000e+02,1.179806562500000133e+01
1.091901072857143085e+01,-6.615571857142856782e-01,7.499999999999999722e-03,7.499999999999999722e-03,2.699999999999999623e-01,8.999999999999996891e-02,0.000000000000000000e+00,0.000000000000000000e+00,2.800000000000000000e+01,1.091901072857143085e+01
1.172370054166666620e+01,5.187005000000000088e-01,7.499999999999999722e-03,7.499999999999999722e-03,3.051562500000000178e-01,1.603125000000000244e-01,0.000000000000000000e+00,0.000000000000000000e+00,4.800000000000000000e+01,1.172370054166666620e+01
1.092824999999999847e+01,4.738370689655173329e-02,7.499999999999999722e-03,7.499999999999999722e-03,2.808620689655171865e-01,1.117241379310344868e-01,0.000000000000000000e+00,0.000000000000000000e+00,2.900000000000000000e+01,1.092824999999999847e+01
1.249714144649681380e+01,-6.201394713375796286e-01,1.249356076433121021e-01,1.566873866242038393e-01,4.943685364209252420e+00,1.492550784633235095e+00,6.035094157608894561e-01,-1.966878980891719531e+00,1.570000000000000000e+02,1.249714144649681380e+01
1.069206944444444396e+01,3.266154444444444027e-02,2.324999999999999983e-02,3.735416666666666052e-02,1.109185323129592060e+00,4.501671087669647520e-01,7.826830079787366889e-01,-4.323333333333333428e+01,1.800000000000000000e+01,1.069206944444444396e+01
1.240695833333333375e+01,-4.680729166666666163e-01,7.499999999999999722e-03,7.499999999999999722e-03,3.403125000000000178e-01,2.306249999999999967e-01,0.000000000000000000e+00,0.000000000000000000e+00,9.600000000000000000e+01,1.240695833333333375e+01
1.058466428571428430e+01,-4.165738095238095129e-01,2.477380952380952434e-02,2.484523809523809731e-02,9.222850678624902043e-01,3.560002495179372950e-01,7.577344475618884301e-02,8.000000000000000444e-01,2.100000000000000000e+01,1.058466428571428430e+01
1.118199750000000137e+01,-3.460274999999999879e-01,7.499999999999999722e-03,7.499999999999999722e-03,1.209825000000000150e+00,1.969649999999999679e+00,0.000000000000000000e+00,0.000000000000000000e+00,5.000000000000000000e+01,1.118199750000000137e+01
1.194630040322580733e+01,-1.576612903225806106e-01,1.874999999999999931e-02,1.874999999999999931e-02,7.566532258064516681e-01,3.883064516129032251e-01,0.000000000000000000e+00,0.000000000000000000e+00,6.200000000000000000e+01,1.194630040322580733e+01
1.195510155555555620e+01,5.480234444444443964e-01,1.875000000000000278e-02,1.875000000000000278e-02,7.257812500000001554e-01,3.265625000000000333e-01,0.000000000000000000e+00,0.000000000000000000e+00,3.600000000000000000e+01,1.195510155555555620e+01
1.108634698275862185e+01,-3.781250000000000444e-01,1.874999999999999931e-02,1.874999999999999931e-02,1.267564655172413790e+00,1.410129310344827358e+00,0.000000000000000000e+00,0.000000000000000000e+00,2.900000000000000000e+01,1.108634698275862185e+01
1.174280921052631577e+01,-2.322434210526315990e-01,7.499999999999999722e-03,7.499999999999999722e-03,3.061184210526315397e-01,1.622368421052631238e-01,0.000000000000000000e+00,0.000000000000000000e+00,3.800000000000000000e+01,1.174280921052631577e+01
1.181999399999999945e+01,-1.705580000000000152e-01,2.199999999999999699e-03,2.199999999999999699e-03,1.319999999999999785e-01,1.319999999999999785e-01,0.000000000000000000e+00,0.000000000000000000e+00,4.000000000000000000e+01,1.181999399999999945e+01
1.062648081818181822e+01,-3.723480909090909341e-01,4.231999999999999651e-03,4.231999999999999651e-03,1.858232727272727258e-01,1.177265454545454726e-01,0.000000000000000000e+00,0.000000000000000000e+00,2.200000000000000000e+01,1.062648081818181822e+01
1.102498126666666600e+01,-6.464874999999999927e-01,7.499999999999999722e-03,7.499999999999999722e-03,2.700000000000000178e-01,9.000000000000002442e-02,0.000000000000000000e+00,0.000000000000000000e+00,1.200000000000000000e+01,1.102498126666666600e+01
1.219690312500000040e+01,-1.232812500000000089e-01,1.237500000000000058e-02,1.218750000000000042e-02,4.803662938613613154e-01,2.238790575011458672e-01,1.734170173069635446e-01,7.559999999999999609e+00,4.000000000000000000e+01,1.219690312500000040e+01
1.219868750000000013e+01,-3.382134285714285399e-02,7.499999999999999722e-03,7.499999999999999722e-03,4.499999999999999556e-01,4.499999999999999556e-01,0.000000000000000000e+00,0.000000000000000000e+00,5.600000000000000000e+01,1.219868750000000013e+01
1.202567999999999948e+01,-3.116000000000000020e-02,3.200000000000000153e-03,3.200000000000000153e-03,1.764000000000000012e-01,1.607999999999999985e-01,0.000000000000000000e+00,0.000000000000000000e+00,3.200000000000000000e+01,1.202567999999999948e+01
1.089371253333333378e+01,-5.744124999999999925e-01,7.499999999999999722e-03,7.499999999999999722e-03,2.700000000000000178e-01,9.000000000000002442e-02,0.000000000000000000e+00,0.000000000000000000e+00,1.200000000000000000e+01,1.089371253333333378e+01
1.240572916666666714e+01,5.336978888888889161e-01,3.000000000000000236e-02,2.947916666666666741e-02,1.057782924811660807e+00,3.312592616177740257e-01,1.855284723248970535e-01,0.000000000000000000e+00,3.600000000000000000e+01,1.240572916666666714e+01
1.085637084444444511e+01,6.411676666666667190e-02,7.500000000000000590e-03,7.500000000000000590e-03,3.074999999999999956e-01,1.650000000000000078e-01,0.000000000000000000e+00,0.000000000000000000e+00,1.800000000000000000e+01,1.085637084444444511e+01
1.232435000000000080e+01,-4.567728000000000343e-01,1.663200000000000095e-02,1.663200000000000095e-02,5.987520000000000620e-01,1.995840000000000114e-01,0.000000000000000000e+00,0.000000000000000000e+00,6.000000000000000000e+01,1.232435000000000080e+01
1.137584374999999959e+01,-8.492343749999999858e-01,1.874999999999999931e-02,1.874999999999999931e-02,6.574218749999999334e-01,1.898437500000000056e-01,0.000000000000000000e+00,0.000000000000000000e+00,2.000000000000000000e+01,1.137584374999999959e+01
1.109155626666666628e+01,-6.137000000000000233e-01,7.499999999999999722e-03,7.499999999999999722e-03,2.700000000000000178e-01,9.000000000000002442e-02,0.000000000000000000e+00,0.000000000000000000e+00,1.200000000000000000e+01,1.109155626666666628e+01
1.193040624999999899e+01,-9.675000000000000266e-02,7.499999999999999722e-03,7.499999999999999722e-03,2.840624999999999956e-01,1.181250000000000078e-01,0.000000000000000000e+00,0.000000000000000000e+00,4.800000000000000000e+01,1.193040624999999899e+01
1.092560807142857193e+01,-6.475053571428571741e-01,7.499999999999999722e-03,7.499999999999999722e-03,2.699999999999999623e-01,8.999999999999996891e-02,0.000000000000000000e+00,0.000000000000000000e+00,2.800000000000000000e+01,1.092560807142857193e+01
1.062000000000000099e+01,-3.971250000000000613e-01,7.500000000000000590e-03,7.500000000000000590e-03,3.908467741935484074e-01,3.316935483870968038e-01,0.000000000000000000e+00,0.000000000000000000e+00,3.100000000000000000e+01,1.062000000000000099e+01
1.097528001999999958e+01,-5.956563000000000274e-01,7.499999999999999722e-03,7.499999999999999722e-03,2.699999999999999623e-01,8.999999999999996891e-02,0.000000000000000000e+00,0.000000000000000000e+00,2.000000000000000000e+01,1.097528001999999958e+01
1.233596947674418765e+01,-1.145406976744186012e-01,1.618604651162790578e-02,1.622965116279069531e-02,6.264676638005982623e-01,2.804652772046127285e-01,7.325460140248087060e-02,0.000000000000000000e+00,8.600000000000000000e+01,1.233596947674418765e+01
1.195107472222222178e+01,-3.966809444444444055e-02,1.649750000000000175e-02,1.649750000000000175e-02,6.361250000000000515e-01,2.823999999999999844e-01,0.000000000000000000e+00,0.000000000000000000e+00,3.600000000000000000e+01,1.195107472222222178e+01
1.104200626666666629e+01,-6.184562666666666431e-01,7.499999999999999722e-03,7.499999999999999722e-03,2.700000000000000178e-01,9.000000000000002442e-02,0.000000000000000000e+00,0.000000000000000000e+00,1.200000000000000000e+01,1.104200626666666629e+01
1.090883750000000063e+01,-5.991850400000000576e-01,7.499999999999999722e-03,7.499999999999999722e-03,2.699999999999999623e-01,8.999999999999996891e-02,0.000000000000000000e+00,0.000000000000000000e+00,2.000000000000000000e+01,1.090883750000000063e+01
1.238141346153846278e+01,9.798076923076924974e-03,7.500000000000000590e-03,7.500000000000000590e-03,3.046153846153846212e-01,1.592307692307692313e-01,0.000000000000000000e+00,2.461538461538461675e+00,2.600000000000000000e+01,1.238141346153846278e+01
1.235262439999999984e+01,-5.790179999999999216e-01,1.663200000000000095e-02,1.663200000000000095e-02,5.987520000000000620e-01,1.995840000000000114e-01,0.000000000000000000e+00,0.000000000000000000e+00,6.000000000000000000e+01,1.235262439999999984e+01
1.062291800000000030e+01,-3.828911999999999871e-01,4.231999999999999651e-03,4.231999999999999651e-03,2.235600000000000087e-01,1.932000000000000384e-01,0.000000000000000000e+00,0.000000000000000000e+00,2.300000000000000000e+01,1.062291800000000030e+01
1.109456253333333642e+01,-6.616313000000000333e-01,7.499999999999999722e-03,7.499999999999999722e-03,2.700000000000000178e-01,9.000000000000002442e-02,0.000000000000000000e+00,0.000000000000000000e+00,1.200000000000000000e+01,1.109456253333333642e+01
1.095641253333333331e+01,-6.059437666666666056e-01,7.499999999999999722e-03,7.499999999999999722e-03,2.700000000000000178e-01,9.000000000000002442e-02,0.000000000000000000e+00,0.000000000000000000e+00,1.200000000000000000e+01,1.095641253333333331e+01
1.313773343714285780e+01,5.985979714285714209e-02,5.865108571428572816e-03,5.870628571428571259e-03,2.956566718506046243e-01,2.392412683611545854e-01,4.335509296299576432e-02,0.000000000000000000e+00,7.000000000000000000e+01,1.313773343714285780e+01
1.338709999999999845e+01,6.771250000000000879e-02,1.874999999999999931e-02,1.874999999999999931e-02,7.171874999999998668e-01,3.093749999999999556e-01,0.000000000000000000e+00,0.000000000000000000e+00,2.500000000000000000e+01,1.338709999999999845e+01
1.259738023333333246e+01,6.862403333333334798e-02,7.500000000000000590e-03,7.500000000000000590e-03,2.700000000000000178e-01,8.999999999999999667e-02,0.000000000000000000e+00,0.000000000000000000e+00,6.000000000000000000e+01,1.259738023333333246e+01
1.265544922452830434e+01,4.482767679245283077e-01,7.290792452830188210e-03,7.290792452830188210e-03,3.512171037735848933e-01,2.649866603773585738e-01,0.000000000000000000e+00,0.000000000000000000e+00,1.060000000000000000e+02,1.265544922452830434e+01
1.331795055970149200e+01,-2.493559552238805779e-02,1.436753731343283665e-02,1.520708955223880506e-02,5.742340417450503276e-01,2.615868424810124937e-01,3.276705390365101667e-01,0.000000000000000000e+00,6.700000000000000000e+01,1.331795055970149200e+01
1.283025000000000126e+01,-1.448315217391304421e-01,5.249999999999999806e-02,5.853260869565217461e-02,1.920602315280955930e+00,5.151464465431381257e-01,4.421605272167409284e-01,0.000000000000000000e+00,2.300000000000000000e+01,1.283025000000000126e+01
1.334450874999999925e+01,-3.200093800000000654e-01,7.499999999999999722e-03,7.499999999999999722e-03,4.165874999999999995e-01,3.831749999999999878e-01,0.000000000000000000e+00,0.000000000000000000e+00,5.000000000000000000e+01,1.334450874999999925e+01
1.268533621120689681e+01,1.194858793103448225e-02,1.039978448275862000e-02,1.014116379310344741e-02,4.687479752781056885e-01,3.213163466504420640e-01,2.216243821326148722e-01,2.406896551724137634e+00,1.160000000000000000e+02,1.268533621120689681e+01
1.276150817391304315e+01,-1.434103478260869424e-01,3.749999999999999861e-02,3.749999999999999861e-02,2.250000000000000000e+00,2.249999999999999556e+00,0.000000000000000000e+00,0.000000000000000000e+00,2.300000000000000000e+01,1.276150817391304315e+01
1.343398437500000142e+01,-7.436640624999999449e-01,7.499999999999999722e-03,7.499999999999999722e-03,3.752929687499999556e-01,3.005859374999999556e-01,0.000000000000000000e+00,0.000000000000000000e+00,3.200000000000000000e+01,1.343398437500000142e+01
1.313372834645669229e+01,5.802172677165354231e-02,7.499999999999998855e-03,7.499999999999998855e-03,3.126525590551181288e-01,1.753051181102362466e-01,0.000000000000000000e+00,0.000000000000000000e+00,1.270000000000000000e+02,1.313372834645669229e+01
1.318909639222222019e+01,4.171832044444444276e-02,4.090870199999999818e-02,4.089480777777778492e-02,1.502688031710651906e+00,5.512708054867105911e-01,2.606077874755051080e-02,5.622222222222221788e-01,4.500000000000000000e+02,1.318909639222222019e+01
1.291447307999999872e+01,-2.347999999999999809e-01,1.486316000000000026e-02,1.486316000000000026e-02,5.203764000000000722e-01,1.489632000000000456e-01,0.000000000000000000e+00,0.000000000000000000e+00,2.000000000000000000e+01,1.291447307999999872e+01
1.257319565217391144e+01,9.145114347826086010e-02,7.499999999999999722e-03,7.499999999999999722e-03,2.699999999999999623e-01,8.999999999999996891e-02,0.000000000000000000e+00,0.000000000000000000e+00,2.300000000000000000e+01,1.257319565217391144e+01
1.282383112980769191e+01,5.431790865384614753e-01,2.749399038461538408e-02,2.749399038461538408e-02,1.215054086538461586e+00,7.804687500000000444e-01,0.000000000000000000e+00,0.000000000000000000e+00,1.040000000000000000e+02,1.282383112980769191e+01
1.288281761818181792e+01,4.805559681818181716e-01,7.499999999999999722e-03,7.499999999999999722e-03,3.598465909090909354e-01,2.696931818181818596e-01,0.000000000000000000e+00,0.000000000000000000e+00,1.100000000000000000e+02,1.288281761818181792e+01
1.291175001538461586e+01,-2.808884615384615868e-01,7.500000000000000590e-03,7.500000000000000590e-03,3.963461538461538480e-01,3.426923076923077405e-01,0.000000000000000000e+00,0.000000000000000000e+00,2.600000000000000000e+01,1.291175001538461586e+01
1.288585398630136858e+01,-2.214745780821918142e-01,6.924000000000000467e-03,6.924000000000000467e-03,2.684153013698630241e-01,1.213906027397259890e-01,0.000000000000000000e+00,0.000000000000000000e+00,7.300000000000000000e+01,1.288585398630136858e+01
1.288714779245282926e+01,-4.742060754716981297e-02,9.799849056603773118e-03,9.799849056603773118e-03,4.438267924528301878e-01,2.996626415094340024e-01,0.000000000000000000e+00,0.000000000000000000e+00,5.300000000000000000e+01,1.288714779245282926e+01
1.267561452941176370e+01,6.898414705882353060e-01,6.165882352941176418e-03,6.165882352941176418e-03,2.680305882352941316e-01,1.661082352941176676e-01,0.000000000000000000e+00,2.352941176470588203e-01,3.400000000000000000e+01,1.267561452941176370e+01
1.287933653846153881e+01,4.943918333333333637e-01,7.499999999999999722e-03,7.499999999999999722e-03,3.597115384615384159e-01,2.694230769230768763e-01,0.000000000000000000e+00,0.000000000000000000e+00,3.900000000000000000e+01,1.287933653846153881e+01
1.264621253333333506e+01,-1.776863333333333558e-02,7.499999999999998855e-03,7.499999999999998855e-03,2.699999999999999623e-01,8.999999999999999667e-02,0.000000000000000000e+00,0.000000000000000000e+00,3.000000000000000000e+01,1.264621253333333506e+01
1.279618471538461577e+01,-3.264496215384615208e-01,7.499999999999998855e-03,7.499999999999998855e-03,2.783942307692307550e-01,1.067884615384615266e-01,0.000000000000000000e+00,0.000000000000000000e+00,6.500000000000000000e+01,1.279618471538461577e+01
1.291046330158730271e+01,4.765704444444444632e-01,7.499999999999999722e-03,7.499999999999999722e-03,4.152678571428570775e-01,3.805357142857141439e-01,0.000000000000000000e+00,0.000000000000000000e+00,6.300000000000000000e+01,1.291046330158730271e+01
1.307877880869565246e+01,-3.129538086956522025e-01,7.500000000000000590e-03,7.500000000000000590e-03,4.230978260869565077e-01,3.961956521739130044e-01,0.000000000000000000e+00,0.000000000000000000e+00,1.150000000000000000e+02,1.307877880869565246e+01
1.289515940789473625e+01,2.669331912280701880e-01,1.344179114035087830e-01,1.329778640350877117e-01,4.671810925196797193e+00,1.321864917689478780e+00,1.459850949678006826e-01,5.587719298245614752e-01,1.140000000000000000e+02,1.289515940789473625e+01
1.322613834146341638e+01,8.323438414634146132e-02,2.807926829268292401e-02,2.769054878048780519e-02,1.163398770436260943e+00,6.537436702024265189e-01,1.658181227164811367e-01,7.365853658536585247e-01,8.200000000000000000e+01,1.322613834146341638e+01
1.333483829230769224e+01,-3.519324615384615551e-02,2.067999999999999960e-03,2.067999999999999960e-03,1.193076923076922952e-01,1.145353846153845945e-01,0.000000000000000000e+00,0.000000000000000000e+00,2.600000000000000000e+01,1.333483829230769224e+01
1.291885487288135614e+01,4.880958728813559189e-01,7.499999999999999722e-03,7.499999999999999722e-03,3.500847457627118686e-01,2.501694915254237817e-01,0.000000000000000000e+00,0.000000000000000000e+00,5.900000000000000000e+01,1.291885487288135614e+01
1.278675538461538608e+01,-1.655703846153846193e-01,8.261538461538462524e-03,9.023076923076923592e-03,3.687194024544163118e-01,2.194038742824196697e-01,4.020880085858935526e-01,1.068769230769230916e+01,6.500000000000000000e+01,1.278675538461538608e+01
1.318614833333333181e+01,4.349166666666667153e-02,5.899999999999999863e-03,5.899999999999999863e-03,2.123999999999999777e-01,7.080000000000000182e-02,0.000000000000000000e+00,0.000000000000000000e+00,3.000000000000000000e+01,1.318614833333333181e+01
1.336536858974358921e+01,-3.759391025641025674e-01,7.499999999999999722e-03,7.499999999999999722e-03,3.672115384615384226e-01,2.844230769230768896e-01,0.000000000000000000e+00,0.000000000000000000e+00,3.900000000000000000e+01,1.336536858974358921e+01
1.338492680000000057e+01,6.623400000000000121e-02,7.500000000000000590e-03,7.500000000000000590e-03,3.792857142857142816e-01,3.085714285714286076e-01,0.000000000000000000e+00,0.000000000000000000e+00,3.500000000000000000e+01,1.338492680000000057e+01
1.280513055555555546e+01,-3.121231530864196912e-01,7.499999999999998855e-03,7.499999999999998855e-03,2.815277777777777657e-01,1.130555555555555758e-01,0.000000000000000000e+00,0.000000000000000000e+00,8.100000000000000000e+01,1.280513055555555546e+01
1.263129545454545521e+01,7.061936818181818731e-02,7.499999999999998855e-03,7.499999999999998855e-03,2.948011363636363624e-01,1.396022727272727137e-01,0.000000000000000000e+00,0.000000000000000000e+00,4.400000000000000000e+01,1.263129545454545521e+01
1.318909722222222136e+01,4.270833333333333426e-02,1.874999999999999931e-02,1.874999999999999931e-02,1.161458333333333481e+00,1.197916666666666519e+00,0.000000000000000000e+00,6.488888888888888040e+00,2.700000000000000000e+01,1.318909722222222136e+01
1.256290277777777753e+01,-2.624927777777777069e-03,7.500000000000000590e-03,7.500000000000000590e-03,3.284374999999999933e-01,2.068749999999999756e-01,0.000000000000000000e+00,0.000000000000000000e+00,1.800000000000000000e+01,1.256290277777777753e+01
1.321196093749999889e+01,-1.408046874999999976e-01,7.499999999999999722e-03,7.499999999999999722e-03,4.457812499999999623e-01,4.415624999999999689e-01,0.000000000000000000e+00,0.000000000000000000e+00,3.200000000000000000e+01,1.321196093749999889e+01
1.273586029411764819e+01,6.864705882352941657e-01,7.499999999999999722e-03,7.499999999999999722e-03,4.093014705882352389e-01,3.686029411764705221e-01,0.000000000000000000e+00,0.000000000000000000e+00,3.400000000000000000e+01,1.273586029411764819e+01
1.278722220888889005e+01,-1.658849133333333281e-01,1.133826222222222325e-02,1.134752888888888693e-02,4.376723767778308849e-01,1.947710770008959369e-01,4.040521648120019849e-02,0.000000000000000000e+00,4.500000000000000000e+01,1.278722220888889005e+01
1.263369871794871813e+01,-1.134613333333333272e-02,7.499999999999999722e-03,7.653846153846153438e-03,3.876840212937397445e-01,3.207760869241108037e-01,1.994917913696400980e-01,-5.102564102564102200e+00,3.900000000000000000e+01,1.263369871794871813e+01
1.275730656250000017e+01,-1.408717624999999973e-01,6.139649999999999275e-02,7.796155000000001833e-02,2.544924283272485432e+00,9.387476647997483603e-01,6.162854874742291766e-01,2.667500000000000071e+01,3.200000000000000000e+01,1.275730656250000017e+01
1.288747282608695777e+01,-4.608695652173912943e-02,1.874999999999999931e-02,1.874999999999999931e-02,7.159646739130434145e-01,3.069293478260869401e-01,0.000000000000000000e+00,0.000000000000000000e+00,2.300000000000000000e+01,1.288747282608695777e+01
1.312910937499999875e+01,5.460940000000000238e-02,8.999999999999999320e-03,8.999999999999999320e-03,3.754687499999999623e-01,2.109375000000000278e-01,0.000000000000000000e+00,0.000000000000000000e+00,2.400000000000000000e+01,1.312910937499999875e+01
1.305794999999999995e+01,-2.200049999999999506e-01,7.499999999999999722e-03,7.499999999999999722e-03,2.913749999999999396e-01,1.327500000000000069e-01,0.000000000000000000e+00,0.000000000000000000e+00,2.500000000000000000e+01,1.305794999999999995e+01
1.258190397560975704e+01,8.217993170731707764e-02,7.499999999999999722e-03,7.499999999999999722e-03,2.974390243902438891e-01,1.448780487804878225e-01,0.000000000000000000e+00,0.000000000000000000e+00,4.100000000000000000e+01,1.258190397560975704e+01
1.281442977528089777e+01,-2.174297752808988793e-01,4.579213483146067631e-02,4.414255617977528440e-02,1.918424028008898441e+00,1.139261211483862279e+00,2.659862865861595260e-01,5.877528089887640306e+00,8.900000000000000000e+01,1.281442977528089777e+01
1.275018333333333231e+01,3.836083333333333290e-01,7.499999999999998855e-03,7.499999999999998855e-03,4.499999999999999556e-01,4.499999999999999001e-01,0.000000000000000000e+00,0.000000000000000000e+00,3.000000000000000000e+01,1.275018333333333231e+01
1.278781250000000114e+01,-1.658437555555555554e-01,1.875000000000000278e-02,1.895833333333333398e-02,6.781175957119944808e-01,2.250024567491122618e-01,1.478420224953146678e-01,0.000000000000000000e+00,1.800000000000000000e+01,1.278781250000000114e+01
1.272334803921568636e+01,-2.136875000000000024e-01,2.544117647058823442e-02,2.544117647058823442e-02,9.640257352941176139e-01,4.015808823529413152e-01,0.000000000000000000e+00,0.000000000000000000e+00,5.100000000000000000e+01,1.272334803921568636e+01
1.251372783870967709e+01,-1.120504193548387262e-01,7.499999999999999722e-03,7.499999999999999722e-03,4.507258064516128648e-01,4.514516129032257741e-01,0.000000000000000000e+00,0.000000000000000000e+00,3.100000000000000000e+01,1.251372783870967709e+01
1.289229861111111042e+01,-1.929097222222222185e-01,7.500000000000000590e-03,7.500000000000000590e-03,3.734374999999999778e-01,2.968750000000000000e-01,0.000000000000000000e+00,0.000000000000000000e+00,3.600000000000000000e+01,1.289229861111111042e+01
1.331782175925925849e+01,-2.191592037037037172e-02,7.499999999999999722e-03,7.722222222222221467e-03,3.820659831516425853e-01,3.075139640300502686e-01,2.381718756438392370e-01,4.207407407407407263e+00,5.400000000000000000e+01,1.331782175925925849e+01
1.289281249999999979e+01,-1.915808823529411842e-01,1.874999999999999931e-02,1.874999999999999931e-02,6.940257352941175961e-01,2.630514705882353588e-01,0.000000000000000000e+00,0.000000000000000000e+00,1.700000000000000000e+01,1.289281249999999979e+01
1.264089038461538195e+01,9.923467230769232594e-02,7.499999999999999722e-03,7.499999999999999722e-03,3.471923076923076890e-01,2.443846153846153391e-01,0.000000000000000000e+00,0.000000000000000000e+00,6.500000000000000000e+01,1.264089038461538195e+01
1.321903552631578904e+01,8.232078947368420829e-02,4.599394736842105091e-02,3.746999999999999637e-02,1.478145408685000106e+00,4.654645391199388471e-01,5.799214279057692822e-01,1.426315789473684248e+01,1.900000000000000000e+01,1.321903552631578904e+01
1.287006449999999980e+01,-2.332818549295774813e-01,1.826001971830986184e-02,1.845016056338028357e-02,7.637887956079978391e-01,4.262869554182032727e-01,1.431959775426208947e-01,0.000000000000000000e+00,7.100000000000000000e+01,1.287006449999999980e+01
1.251278928571428217e+01,-1.120035714285714246e-01,1.425000000000000225e-02,1.425000000000000225e-02,6.026785714285716189e-01,3.503571428571429225e-01,0.000000000000000000e+00,-3.828571428571428736e+00,3.500000000000000000e+01,1.251278928571428217e+01
1.269563858695652137e+01,-2.481657608695651829e-01,3.749999999999999861e-02,3.749999999999999861e-02,1.786548913043478182e+00,1.323097826086956363e+00,0.000000000000000000e+00,0.000000000000000000e+00,4.600000000000000000e+01,1.269563858695652137e+01
1.288931295333333260e+01,-2.324430200000000002e-01,5.410912666666666676e-02,5.467217333333333068e-02,2.076616599250014517e+00,8.898379133212576120e-01,1.431472403058245413e-01,0.000000000000000000e+00,4.500000000000000000e+01,1.288931295333333260e+01
1.279530147058823530e+01,-2.009411764705882342e-01,7.499999999999999722e-03,7.499999999999999722e-03,2.924999999999999822e-01,1.350000000000000089e-01,0.000000000000000000e+00,0.000000000000000000e+00,3.400000000000000000e+01,1.279530147058823530e+01
1.273486904285714161e+01,6.878273809523809401e-01,1.874999999999999931e-02,1.874999999999999931e-02,6.857142857142857206e-01,2.464285714285714690e-01,0.000000000000000000e+00,0.000000000000000000e+00,2.100000000000000000e+01,1.273486904285714161e+01
1.293191666666666606e+01,-8.052272727272727360e-02,7.499999999999999722e-03,7.499999999999999722e-03,5.171590909090908461e-01,5.843181818181817366e-01,0.000000000000000000e+00,0.000000000000000000e+00,3.300000000000000000e+01,1.293191666666666606e+01
1.289814624347826033e+01,-2.150872521739130572e-01,2.173696521739130333e-02,2.173696521739130333e-02,7.848117391304347823e-01,2.654055652173913926e-01,0.000000000000000000e+00,-3.991304347826087451e+00,2.300000000000000000e+01,1.289814624347826033e+01
1.291162708333333420e+01,4.796229166666666766e-01,1.889999999999999666e-02,1.889999999999999666e-02,6.584062499999999707e-01,1.828124999999999611e-01,0.000000000000000000e+00,0.000000000000000000e+00,6.000000000000000000e+01,1.291162708333333420e+01
1.262418382352941215e+01,-1.671313529411764393e-02,7.499999999999999722e-03,7.499999999999999722e-03,2.699999999999999623e-01,8.999999999999996891e-02,0.000000000000000000e+00,0.000000000000000000e+00,1.700000000000000000e+01,1.262418382352941215e+01
1.259544354838709701e+01,-8.388306451612903558e-02,7.499999999999999722e-03,7.499999999999999722e-03,3.251612903225806761e-01,2.003225806451613411e-01,0.000000000000000000e+00,0.000000000000000000e+00,3.100000000000000000e+01,1.259544354838709701e+01
1.344328125000000007e+01,-2.220937499999999787e-01,4.349999999999999700e-02,4.368749999999999717e-02,1.477966038028590390e+00,3.403131244512707099e-01,9.254874958303781207e-02,0.000000000000000000e+00,1.600000000000000000e+01,1.344328125000000007e+01
1.281465919999999947e+01,-1.982206545454545388e-01,7.132000000000000318e-03,7.132000000000000318e-03,2.693950909090909174e-01,1.108701818181818399e-01,0.000000000000000000e+00,0.000000000000000000e+00,2.200000000000000000e+01,1.281465919999999947e+01
1.289063282142857148e+01,4.926975535714285259e-01,7.500000000000000590e-03,7.500000000000000590e-03,4.371428571428571663e-01,4.242857142857143216e-01,0.000000000000000000e+00,0.000000000000000000e+00,2.800000000000000000e+01,1.289063282142857148e+01
1.276500195312500097e+01,3.730722656250000102e-01,2.369589843750000147e-01,2.590312500000000462e-01,8.318602198359604571e+00,1.772238371968522852e+00,4.039316266755423879e-01,0.000000000000000000e+00,3.200000000000000000e+01,1.276500195312500097e+01
1.313098347058823556e+01,-1.457343970588235449e-01,7.499999999999999722e-03,9.430147058823529216e-03,3.532516546607406549e-01,2.019104332439098926e-01,6.061876714686580403e-01,7.794117647058823373e+00,3.400000000000000000e+01,1.313098347058823556e+01
1.333379538400000008e+01,-9.243664000000000394e-03,2.067999999999999960e-03,2.200352000000000037e-03,8.465985220265881406e-02,4.133071827916691421e-02,3.415884719278361459e-01,0.000000000000000000e+00,2.500000000000000000e+01,1.333379538400000008e+01
1.277403804347826188e+01,7.008975217391304191e-02,7.499999999999999722e-03,7.499999999999999722e-03,3.052173913043478293e-01,1.604347826086956474e-01,0.000000000000000000e+00,0.000000000000000000e+00,2.300000000000000000e+01,1.277403804347826188e+01
1.258503676470588317e+01,8.430147058823531103e-02,1.237500000000000232e-02,1.241911764705882354e-02,5.337127835014234822e-01,3.236032151092845255e-01,8.421505926202016434e-02,0.000000000000000000e+00,1.700000000000000000e+01,1.258503676470588317e+01
1.290765952380952442e+01,2.121630952380952340e-01,2.280500000000000305e-01,2.519785714285714406e-01,7.903287363974191848e+00,1.423620665189626600e+00,4.253322563644061916e-01,0.000000000000000000e+00,2.100000000000000000e+01,1.290765952380952442e+01
1.262470079999999939e+01,-1.651120000000000018e-02,3.567999999999999991e-03,3.567999999999999991e-03,1.459906666666666575e-01,7.790133333333335020e-02,0.000000000000000000e+00,0.000000000000000000e+00,1.800000000000000000e+01,1.262470079999999939e+01
1.281157250000000225e+01,3.899308333333333376e-01,1.146619166666666551e-01,1.093966666666666560e-01,4.255534482261845497e+00,1.791167676781437956e+00,2.995512210111142548e-01,6.666666666666666963e+00,2.400000000000000000e+01,1.281157250000000225e+01
1.277423780487805161e+01,3.331371951219511685e-01,7.499999999999999722e-03,7.499999999999999722e-03,3.903201219512195674e-01,3.306402439024391238e-01,0.000000000000000000e+00,0.000000000000000000e+00,4.100000000000000000e+01,1.277423780487805161e+01
1.336545055000000026e+01,-3.725635416666666089e-01,1.162499999999999818e-02,1.162499999999999818e-02,4.732031249999999467e-01,2.489062500000000233e-01,0.000000000000000000e+00,0.000000000000000000e+00,2.400000000000000000e+01,1.336545055000000026e+01
1.293111103877551216e+01,-8.236699591836735279e-02,1.486697959183673479e-02,1.486697959183673479e-02,6.108665816326530607e-01,3.297143877551020896e-01,0.000000000000000000e+00,0.000000000000000000e+00,4.900000000000000000e+01,1.293111103877551216e+01
1.330953846153846243e+01,-9.225769230769231832e-01,7.500000000000000590e-03,7.500000000000000590e-03,4.110576923076922906e-01,3.721153846153846256e-01,0.000000000000000000e+00,0.000000000000000000e+00,1.300000000000000000e+01,1.330953846153846243e+01
1.275828536875000196e+01,5.468398062499999490e-01,6.267999999999999267e-03,6.267999999999999267e-03,2.817661874999999871e-01,1.874523750000000044e-01,0.000000000000000000e+00,-9.062500000000000000e-01,3.200000000000000000e+01,1.275828536875000196e+01
1.335150568181818365e+01,4.790909090909090812e-02,7.500000000000000590e-03,7.500000000000000590e-03,3.467045454545454319e-01,2.434090909090909360e-01,0.000000000000000000e+00,0.000000000000000000e+00,2.200000000000000000e+01,1.335150568181818365e+01
